model_name,model_type,training_time (minutes),final_loss,n_parameters,seat_6_effect_size,seat_6_p_val,seat_7_effect_size,seat_7_p_val,seat_8_effect_size,seat_8_p_val,lpbs_adjectives_bias_score,lpbs_adjectives_bias_score_std,lpbs_kaneko_stereotypes_bias_score,lpbs_kaneko_stereotypes_bias_score_std,lpbs_occupations_bias_score,lpbs_occupations_bias_score_std,loss_function,epochs,batch_size,lr,num_warmup_steps,seed,prefix_mode,prefix_layers,n_prefix_tokens
roberta-base,base,0.0,inf,0,1.0989412127489384,1e-05,0.8279529656397387,1e-05,0.49038101873841317,0.00352,0.8664145469665527,0.6923962831497192,1.0164146423339844,0.7245630025863647,0.8532798886299133,0.7991033792495728,,,,,,,,,
roberta-base,finetune,21.3,28.82493782043457,124697433,-0.026532614645265296,0.56116,0.0985626376426753,0.27901,0.02082471960624849,0.4581,0.3015301823616028,0.5511841177940369,0.7584254741668701,0.9279823899269104,0.7492287755012512,0.573536217212677,kaneko,3.0,32.0,4e-05,200.0,42.0,,,
roberta-base,prefix,18.5,179.9315185546875,12288,-0.24562960493811564,0.9178,0.2006062436485516,0.11425,-0.27993286244173005,0.93109,0.30848386883735657,0.19776929914951324,0.28065603971481323,0.24848933517932892,0.2958570122718811,0.24957793951034546,kaneko,3.0,32.0,0.003,200.0,42.0,identity,all,16.0
roberta-base,prefix,18.9,259.22314453125,282624,0.03695996431370659,0.41691,0.42007315884868873,0.00556,0.44035199478888043,0.01012,0.09359507262706757,0.10053031891584396,0.13526101410388947,0.1338741034269333,0.12514692544937134,0.13153132796287537,kaneko,3.0,32.0,0.003,200.0,42.0,linear,all,16.0
roberta-base,prefix,18.4,159.1966552734375,147456,-0.18190112748954382,0.84755,0.40039107767145404,0.00825,0.5686550387477889,0.00113,0.0277567058801651,0.04258313775062561,0.031326133757829666,0.027033399790525436,0.03520883992314339,0.04264451190829277,kaneko,3.0,32.0,0.003,200.0,42.0,replace,all,16.0
