model_name,model_type,training_time (minutes),final_loss,n_parameters,seat_6_effect_size,seat_6_p_val,seat_7_effect_size,seat_7_p_val,seat_8_effect_size,seat_8_p_val,lpbs_adjectives_bias_score,lpbs_adjectives_bias_score_std,lpbs_kaneko_stereotypes_bias_score,lpbs_kaneko_stereotypes_bias_score_std,lpbs_occupations_bias_score,lpbs_occupations_bias_score_std,loss_function,epochs,batch_size,lr,num_warmup_steps,seed,prefix_mode,prefix_layers,n_prefix_tokens
roberta-base,base,0.0,inf,0,1.0989412127489384,1e-05,0.8279529656397387,1e-05,0.49038101873841317,0.00352,0.8664145469665527,0.6923962831497192,1.0164146423339844,0.7245630025863647,0.8532798886299133,0.7991033792495728,,,,,,,,,
roberta-base,finetune,21.3,28.82493782043457,124697433,-0.026532614645265296,0.56116,0.0985626376426753,0.27901,0.02082471960624849,0.4581,0.3015301823616028,0.5511841177940369,0.7584254741668701,0.9279823899269104,0.7492287755012512,0.573536217212677,kaneko,3.0,32.0,4e-05,200.0,42.0,,,
roberta-base,prefix,18.4,159.1966552734375,147456,-0.18190112748954382,0.84755,0.40039107767145404,0.00825,0.5686550387477889,0.00113,0.0277567058801651,0.04258313775062561,0.031326133757829666,0.027033399790525436,0.03520883992314339,0.04264451190829277,kaneko,3.0,32.0,0.003,200.0,42.0,replace,all,16.0
roberta-base,prefix,14.7,53041.28515625,73728,-0.31181568200056564,0.96061,-0.013614540872080442,0.52961,-0.15187150150605114,0.78206,0.1140766516327858,0.08176932483911514,0.4065973162651062,0.35381966829299927,0.1310187727212906,0.08177564293146133,kaneko,3.0,32.0,0.003,200.0,42.0,replace,half,16.0
roberta-base,prefix,12.9,108724.7109375,36864,1.2752015265524999,1e-05,1.4145510768720957,1e-05,1.1584240176949574,1e-05,0.7668334245681763,0.6592543125152588,0.5151048302650452,0.3842809498310089,0.7383809089660645,0.5429478883743286,kaneko,3.0,32.0,0.003,200.0,42.0,replace,3,16.0
