model_name,model_type,training_time (minutes),final_loss,n_parameters,seat_6_effect_size,seat_6_p_val,seat_7_effect_size,seat_7_p_val,seat_8_effect_size,seat_8_p_val,lpbs_adjectives_bias_score,lpbs_adjectives_bias_score_std,lpbs_kaneko_stereotypes_bias_score,lpbs_kaneko_stereotypes_bias_score_std,lpbs_occupations_bias_score,lpbs_occupations_bias_score_std,loss_function,epochs,batch_size,lr,num_warmup_steps,seed,prefix_mode,prefix_layers,n_prefix_tokens
roberta-base,base,0.0,inf,0,1.0989412127489384,1e-05,0.8279529656397387,1e-05,0.49038101873841317,0.00352,0.8664145469665527,0.6923962831497192,1.0164146423339844,0.7245630025863647,0.8532798886299133,0.7991033792495728,,,,,,,,,
roberta-base,finetune,21.3,28.82493782043457,124697433,-0.026532614645265296,0.56116,0.0985626376426753,0.27901,0.02082471960624849,0.4581,0.3015301823616028,0.5511841177940369,0.7584254741668701,0.9279823899269104,0.7492287755012512,0.573536217212677,kaneko,3.0,32.0,4e-05,200.0,42.0,,,
roberta-base,prefix,16.4,179.94778442382812,36864,0.15171428813602367,0.19783,0.7055929342125701,1e-05,0.21932970536297056,0.12303,0.12899325788021088,0.06313595175743103,0.10981647670269012,0.05927480384707451,0.107721708714962,0.05423324182629585,kaneko,3.0,32.0,0.003,200.0,42.0,replace,all,4.0
roberta-base,prefix,17.1,168.77517700195312,73728,0.26139238414615096,0.07124,-0.0938218255431538,0.71298,-0.3717878760530872,0.97501,0.05537056177854538,0.04341530054807663,0.049777235835790634,0.03053499385714531,0.054869331419467926,0.04193495586514473,kaneko,3.0,32.0,0.003,200.0,42.0,replace,all,8.0
roberta-base,prefix,18.4,159.1966552734375,147456,-0.18190112748954382,0.84755,0.40039107767145404,0.00825,0.5686550387477889,0.00113,0.0277567058801651,0.04258313775062561,0.031326133757829666,0.027033399790525436,0.03520883992314339,0.04264451190829277,kaneko,3.0,32.0,0.003,200.0,42.0,replace,all,16.0
roberta-base,prefix,21.3,152.19845581054688,294912,-0.27336925359899117,0.94011,0.6541296457249106,4e-05,0.6807315100426518,0.00013,0.021704141050577164,0.02242688275873661,0.0401059165596962,0.05176100507378578,0.026415836066007614,0.03430410474538803,kaneko,3.0,32.0,0.003,200.0,42.0,replace,all,32.0
roberta-base,prefix,28.9,142.56478881835938,589824,-0.1218286498728884,0.75151,0.34767537629018613,0.01781,0.5117661372454985,0.00351,0.03621286898851395,0.045523978769779205,0.037605732679367065,0.02551124431192875,0.049185074865818024,0.044235385954380035,kaneko,3.0,32.0,0.003,200.0,42.0,replace,all,64.0
