{
   "stereotype_loss": [
      44.355158627033234,
      44.509513676166534,
      44.36121731996536,
      44.35185134410858,
      44.320137560367584,
      44.34455996751785,
      44.312356412410736,
      44.343407809734344,
      44.34340924024582,
      44.29328149557114,
      44.29328149557114,
      44.310502111911774,
      44.29009801149368,
      44.282979011535645,
      44.28216856718063,
      44.286271929740906,
      44.29323124885559,
      44.272639751434326,
      44.27231478691101,
      44.27243310213089,
      44.26661103963852,
      44.26661103963852
   ],
   "stereotype_acc": [
      0.5029296875,
      0.5,
      0.5,
      0.5,
      0.54345703125,
      0.5,
      0.5146484375,
      0.5,
      0.5,
      0.55126953125,
      0.55126953125,
      0.5009765625,
      0.52099609375,
      0.5390625,
      0.5283203125,
      0.51123046875,
      0.5078125,
      0.53515625,
      0.533203125,
      0.52734375,
      0.54541015625,
      0.54541015625
   ],
   "test_acc": [
      0.5672554347826086,
      0.5601222826086957
   ],
   "conf": [
      0.0052606481476686895,
      0.07262983778491616,
      0.0301214370992966,
      0.02771262140595354,
      0.004799263217137195,
      0.030595300224376842,
      0.010651117758243345,
      0.034742918447591364,
      0.03701954922871664,
      0.00747409526957199,
      0.025844501884421334,
      0.01450424267386552,
      0.0095978607860161,
      0.013201708847191185,
      0.019439244046225213,
      0.025657852180302143,
      0.011640655997325666,
      0.012220016520586796,
      0.014245503305573948,
      0.011036346448236145
   ]
}