{
   "stereotype_loss": [
      44.31193345785141,
      44.13401252031326,
      43.92994004487991,
      43.67127412557602,
      43.530801713466644,
      43.48242199420929,
      43.314118683338165,
      43.09843456745148,
      42.96716582775116,
      42.99782347679138,
      42.99782347679138,
      42.84105706214905,
      42.99131220579147,
      42.801090598106384,
      42.915876030921936,
      42.913450956344604,
      42.87687695026398,
      42.75277137756348,
      42.65080451965332,
      42.59511590003967,
      42.60763627290726,
      42.60763627290726
   ],
   "stereotype_acc": [
      0.515625,
      0.50244140625,
      0.50341796875,
      0.572265625,
      0.5205078125,
      0.5048828125,
      0.5126953125,
      0.5341796875,
      0.537109375,
      0.5146484375,
      0.5146484375,
      0.525390625,
      0.51025390625,
      0.5185546875,
      0.51025390625,
      0.5078125,
      0.51025390625,
      0.51416015625,
      0.5185546875,
      0.5205078125,
      0.51953125,
      0.51953125
   ],
   "test_acc": [
      0.8797554347826086,
      0.8838315217391305
   ],
   "conf": [
      0.01293833130330313,
      0.04150718834716827,
      0.04626868641935289,
      0.03138678183313459,
      0.052575293462723494,
      0.08117527031572536,
      0.08022642409196123,
      0.07152555737411603,
      0.07789048331324011,
      0.10298334644176066,
      0.09908110846299678,
      0.12847289617639035,
      0.12013920280151069,
      0.14105965429916978,
      0.14929846266750246,
      0.15279405668843538,
      0.14776115573477,
      0.1444169576279819,
      0.14416189666371793,
      0.14858025312423706
   ]
}