{
   "stereotype_loss": [
      44.34547048807144,
      44.38596987724304,
      44.260528922080994,
      44.15257114171982,
      44.09650373458862,
      44.070708870887756,
      44.00502562522888,
      43.944950103759766,
      43.91460019350052,
      43.894910991191864,
      43.894910991191864,
      43.840090692043304,
      43.88273173570633,
      43.795186161994934,
      43.821504175662994,
      43.83173191547394,
      43.80873554944992,
      43.73615276813507,
      43.69033670425415,
      43.68709754943848,
      43.69950360059738,
      43.69950360059738
   ],
   "stereotype_acc": [
      0.50048828125,
      0.50048828125,
      0.51123046875,
      0.55810546875,
      0.5400390625,
      0.53173828125,
      0.53662109375,
      0.56591796875,
      0.564453125,
      0.54443359375,
      0.54443359375,
      0.552734375,
      0.537109375,
      0.55517578125,
      0.544921875,
      0.53564453125,
      0.5380859375,
      0.55078125,
      0.55810546875,
      0.5576171875,
      0.55224609375,
      0.55224609375
   ],
   "test_acc": [
      0.725203804347826,
      0.7533967391304348
   ],
   "conf": [
      0.0284497311222367,
      0.06712863285792992,
      0.04637421161169186,
      0.019499471731251106,
      0.02690185495885089,
      0.04458916961448267,
      0.039501555263996124,
      0.03603478815057315,
      0.0394502917479258,
      0.049750979465898126,
      0.04434570443117991,
      0.0623012061114423,
      0.050213989336043596,
      0.06255656690336764,
      0.06990037142531946,
      0.07054874731693417,
      0.06162704050075263,
      0.05715312354732305,
      0.05915149347856641,
      0.06401987333083525
   ]
}