{
   "stereotype_loss": [
      43.932404577732086,
      43.22031128406525,
      42.605767130851746,
      42.01990044116974,
      41.47958201169968,
      41.03912419080734,
      40.615464210510254,
      40.21187859773636,
      39.85065758228302,
      39.63226008415222,
      39.63226008415222,
      39.44455450773239,
      39.36572167277336,
      39.151218861341476,
      39.065788090229034,
      39.02957874536514,
      38.95070308446884,
      38.81750014424324,
      38.727390080690384,
      38.65176922082901,
      38.60273116827011,
      38.60273116827011
   ],
   "stereotype_acc": [
      0.58251953125,
      0.70654296875,
      0.767578125,
      0.7724609375,
      0.74560546875,
      0.70263671875,
      0.685546875,
      0.6826171875,
      0.67724609375,
      0.666015625,
      0.666015625,
      0.658203125,
      0.642578125,
      0.64892578125,
      0.64208984375,
      0.634765625,
      0.63525390625,
      0.64208984375,
      0.64453125,
      0.64697265625,
      0.64697265625,
      0.64697265625
   ],
   "test_acc": [
      0.9650135869565217,
      0.9731657608695652
   ],
   "conf": [
      0.03342268359847367,
      0.031662754830904305,
      0.04214622580911964,
      0.055240672605577856,
      0.07275874400511384,
      0.09443205338902771,
      0.11326216696761549,
      0.1273102123523131,
      0.14070986304432154,
      0.15729496791027486,
      0.17003793269395828,
      0.18431880825664848,
      0.18999620014801621,
      0.19930924335494637,
      0.20850233687087893,
      0.21422318858094513,
      0.21700792631600052,
      0.2201373684220016,
      0.22255504713393748,
      0.2251540784491226
   ]
}