{
   "stereotype_loss": [
      44.39622348546982,
      44.48470115661621,
      44.380424201488495,
      44.27661174535751,
      44.25276219844818,
      44.28142839670181,
      44.18149781227112,
      44.08523881435394,
      44.041801273822784,
      44.09090596437454,
      44.09090596437454,
      43.99954038858414,
      44.1629678606987,
      44.015879690647125,
      44.08460110425949,
      44.13494539260864,
      44.13626366853714,
      44.01862436532974,
      43.96301209926605,
      43.968086898326874,
      43.99141752719879,
      43.99141752719879
   ],
   "stereotype_acc": [
      0.4931640625,
      0.50048828125,
      0.5,
      0.54296875,
      0.51416015625,
      0.50244140625,
      0.51708984375,
      0.56396484375,
      0.548828125,
      0.5244140625,
      0.5244140625,
      0.54541015625,
      0.50830078125,
      0.537109375,
      0.52197265625,
      0.51171875,
      0.51123046875,
      0.53173828125,
      0.5390625,
      0.53857421875,
      0.5341796875,
      0.5341796875
   ],
   "test_acc": [
      0.8203125,
      0.8301630434782609
   ],
   "conf": [
      0.008621409768238664,
      0.06993496906943619,
      0.05235430382890627,
      0.013040369245572947,
      0.033791536174248904,
      0.06315195915522054,
      0.04698374989675358,
      0.024709901277674362,
      0.033537957788212225,
      0.06211367959622294,
      0.04471861058846116,
      0.08899589639622718,
      0.06276759889442474,
      0.08221200975822285,
      0.09437865240033716,
      0.09780992136802524,
      0.08070335205411538,
      0.07335372449597344,
      0.07737196754897013,
      0.08385326073039323
   ]
}