{
   "stereotype_loss": [
      44.10998034477234,
      43.990228831768036,
      43.77018874883652,
      43.49168002605438,
      43.46381497383118,
      43.55152040719986,
      43.28052896261215,
      43.01134657859802,
      42.849323868751526,
      42.96862667798996,
      42.96862667798996,
      42.82951045036316,
      43.1813083589077,
      42.78905534744263,
      43.06527188420296,
      43.098443895578384,
      42.90661156177521,
      42.70769718289375,
      42.6646508872509,
      42.60472214221954,
      42.64374643564224,
      42.64374643564224
   ],
   "stereotype_acc": [
      0.50146484375,
      0.5,
      0.50146484375,
      0.529296875,
      0.50634765625,
      0.5009765625,
      0.5068359375,
      0.52099609375,
      0.5244140625,
      0.509765625,
      0.509765625,
      0.51611328125,
      0.50439453125,
      0.51513671875,
      0.50537109375,
      0.5048828125,
      0.50927734375,
      0.5146484375,
      0.515625,
      0.517578125,
      0.515625,
      0.515625
   ],
   "test_acc": [
      0.9123641304347826,
      0.9235733695652174
   ],
   "conf": [
      0.041325475671328604,
      0.07125859300140291,
      0.0731035417993553,
      0.06452387332683429,
      0.09524602349847555,
      0.12925079953856766,
      0.1247940311441198,
      0.12133625114802271,
      0.128601782489568,
      0.154144330881536,
      0.15684666216839105,
      0.18977204547263682,
      0.1749506195774302,
      0.19922793190926313,
      0.20761264045722783,
      0.2027538933325559,
      0.19685384654439986,
      0.19882093952037394,
      0.19926170562393963,
      0.20437936950474977
   ]
}