{
   "stereotype_loss": [
      43.95851057767868,
      44.026598274707794,
      43.8553472161293,
      43.55262339115143,
      43.54429739713669,
      43.594088077545166,
      43.438208162784576,
      43.19144922494888,
      43.022783160209656,
      43.23080211877823,
      43.23080211877823,
      43.16833823919296,
      43.21996891498566,
      42.928473591804504,
      43.276412934064865,
      43.39291685819626,
      43.23936262726784,
      42.97664141654968,
      42.857787787914276,
      42.800503730773926,
      42.8650643825531,
      42.8650643825531
   ],
   "stereotype_acc": [
      0.5595703125,
      0.50390625,
      0.51708984375,
      0.53759765625,
      0.53173828125,
      0.5244140625,
      0.53125,
      0.55078125,
      0.5654296875,
      0.53564453125,
      0.53564453125,
      0.53759765625,
      0.53369140625,
      0.55078125,
      0.52685546875,
      0.52490234375,
      0.5283203125,
      0.5390625,
      0.54541015625,
      0.5498046875,
      0.54345703125,
      0.54345703125
   ],
   "test_acc": [
      0.8641304347826086,
      0.8909646739130435
   ],
   "conf": [
      0.029213194036856294,
      0.099211530177854,
      0.10648720769677311,
      0.09375380526762456,
      0.11526699352543801,
      0.13394617871381342,
      0.12934150849469006,
      0.11342794098891318,
      0.10276661312673241,
      0.13911096623633057,
      0.1444331486709416,
      0.15566943492740393,
      0.1353422497631982,
      0.17205356690101326,
      0.18618330475874245,
      0.17919254768639803,
      0.16337513260077685,
      0.15687091031577438,
      0.15535566175822169,
      0.16312850872054696
   ]
}