{
   "stereotype_loss": [
      43.654900312423706,
      43.02583199739456,
      42.46248012781143,
      41.91437327861786,
      41.398387134075165,
      40.959562599658966,
      40.55030697584152,
      40.17318391799927,
      39.82440322637558,
      39.59098610281944,
      39.59098610281944,
      39.38610824942589,
      39.31823283433914,
      39.11362072825432,
      39.042336732149124,
      39.00640752911568,
      38.935538440942764,
      38.797679513692856,
      38.72578275203705,
      38.658277571201324,
      38.611330419778824,
      38.611330419778824
   ],
   "stereotype_acc": [
      0.5625,
      0.80224609375,
      0.8583984375,
      0.82958984375,
      0.76318359375,
      0.70166015625,
      0.68115234375,
      0.67529296875,
      0.67236328125,
      0.65869140625,
      0.65869140625,
      0.6533203125,
      0.6396484375,
      0.64599609375,
      0.6396484375,
      0.63623046875,
      0.63671875,
      0.63916015625,
      0.64013671875,
      0.64208984375,
      0.64208984375,
      0.64208984375
   ],
   "test_acc": [
      0.959578804347826,
      0.9633152173913043
   ],
   "conf": [
      0.032733765634475276,
      0.026592632435495034,
      0.03653939696960151,
      0.049575641605770215,
      0.06663108902284876,
      0.08816149493213743,
      0.1067647083546035,
      0.12049964984180406,
      0.13317838369403034,
      0.14853557106107473,
      0.16045957524329424,
      0.17532087862491608,
      0.18107004754710943,
      0.19028646987862885,
      0.19893015862908214,
      0.2047058600001037,
      0.20710059872362763,
      0.21050513756927103,
      0.2130094429012388,
      0.21544747799634933
   ]
}