{
   "stereotype_loss": [
      44.50972956418991,
      44.25160467624664,
      44.05720108747482,
      43.89045137166977,
      43.70694977045059,
      43.539726972579956,
      43.37627458572388,
      43.23142069578171,
      43.07291352748871,
      42.934578597545624,
      42.934578597545624,
      42.81668567657471,
      42.70792430639267,
      42.602249681949615,
      42.495536386966705,
      42.403053402900696,
      42.3203581571579,
      42.25480383634567,
      42.193467020988464,
      42.141002893447876,
      42.09953248500824,
      42.09953248500824
   ],
   "stereotype_acc": [
      0.5,
      0.5,
      0.5009765625,
      0.51513671875,
      0.576171875,
      0.64306640625,
      0.689453125,
      0.7109375,
      0.73193359375,
      0.73974609375,
      0.73974609375,
      0.7412109375,
      0.7236328125,
      0.72265625,
      0.70751953125,
      0.70068359375,
      0.69091796875,
      0.689453125,
      0.68359375,
      0.68310546875,
      0.6826171875,
      0.6826171875
   ],
   "test_acc": [
      0.9018342391304348,
      0.9371603260869565
   ],
   "conf": [
      0.08457130484748632,
      0.06627122598001733,
      0.053853076591622084,
      0.04694072110578418,
      0.03836480726022273,
      0.031420713872648776,
      0.029523506644181907,
      0.030896307463990524,
      0.03314785339171067,
      0.0359589041036088,
      0.0393318654387258,
      0.04364276453270577,
      0.047358639363665134,
      0.052246282109990716,
      0.05699097324395552,
      0.061327176459599286,
      0.06404719810234383,
      0.06653976312372833,
      0.06867178448010236,
      0.07071821007411927
   ]
}