{
   "stereotype_loss": [
      44.361709892749786,
      44.521228551864624,
      44.38681274652481,
      44.37471377849579,
      44.349447309970856,
      44.36937642097473,
      44.34708446264267,
      44.37812775373459,
      44.388589918613434,
      44.34068983793259,
      44.34068983793259,
      44.361286878585815,
      44.34041005373001,
      44.337797820568085,
      44.336559414863586,
      44.3407199382782,
      44.34667783975601,
      44.333103239536285,
      44.33514201641083,
      44.337127685546875,
      44.33286374807358,
      44.33286374807358
   ],
   "stereotype_acc": [
      0.5,
      0.5,
      0.5,
      0.5,
      0.517578125,
      0.5,
      0.49951171875,
      0.5,
      0.5,
      0.521484375,
      0.521484375,
      0.50048828125,
      0.5009765625,
      0.52099609375,
      0.51025390625,
      0.49755859375,
      0.494140625,
      0.5234375,
      0.52197265625,
      0.52294921875,
      0.525390625,
      0.525390625
   ],
   "test_acc": [
      0.5709918478260869,
      0.5757472826086957
   ],
   "conf": [
      0.011602501006564125,
      0.07079528400208801,
      0.030639553006039932,
      0.028250906994799152,
      0.005639979790430516,
      0.025011492776684463,
      0.00857775031181518,
      0.03496332204667851,
      0.03989870205987245,
      0.010286035176250152,
      0.028371015068842098,
      0.010661254069418646,
      0.011895151095814072,
      0.010451308698975481,
      0.014976269347243942,
      0.019845727292704396,
      0.01029348412703257,
      0.014444462445680983,
      0.01665653560485225,
      0.01338213357666973
   ]
}