{
   "stereotype_loss": [
      44.26612085103989,
      44.37033808231354,
      44.208630442619324,
      44.1659922003746,
      44.113881289958954,
      44.124291479587555,
      44.06523543596268,
      44.072609066963196,
      44.04731798171997,
      43.98553776741028,
      43.98553776741028,
      43.984065890312195,
      43.96459764242172,
      43.936752676963806,
      43.93262338638306,
      43.92742967605591,
      43.9281370639801,
      43.894597709178925,
      43.88403755426407,
      43.877371072769165,
      43.87047880887985,
      43.87047880887985
   ],
   "stereotype_acc": [
      0.513671875,
      0.50341796875,
      0.5302734375,
      0.52294921875,
      0.55078125,
      0.53369140625,
      0.5546875,
      0.537109375,
      0.54345703125,
      0.556640625,
      0.556640625,
      0.5751953125,
      0.54736328125,
      0.56298828125,
      0.55859375,
      0.546875,
      0.54931640625,
      0.5615234375,
      0.56689453125,
      0.56982421875,
      0.5615234375,
      0.5615234375
   ],
   "test_acc": [
      0.6233016304347826,
      0.6297554347826086
   ],
   "conf": [
      0.012144753549364395,
      0.06923764734528959,
      0.03495718355407007,
      0.026686568482546136,
      0.024155332939699292,
      0.04006183205638081,
      0.028696895693428814,
      0.0356814241677057,
      0.03606255678460002,
      0.03267746695200913,
      0.03473796509206295,
      0.04187022300902754,
      0.03578685084357858,
      0.04191627958789468,
      0.04574277764186263,
      0.050428165413904935,
      0.04310016363160685,
      0.040065825218334794,
      0.04074679841869511,
      0.04198257002281025
   ]
}