{
   "stereotype_loss": [
      44.35894042253494,
      44.595740616321564,
      44.362912595272064,
      44.3558115363121,
      44.31541931629181,
      44.34080255031586,
      44.303132116794586,
      44.335011422634125,
      44.33224034309387,
      44.277902364730835,
      44.277902364730835,
      44.29414486885071,
      44.27528119087219,
      44.26419109106064,
      44.26341646909714,
      44.26774191856384,
      44.27278631925583,
      44.24990463256836,
      44.2488911151886,
      44.24805599451065,
      44.2415035367012,
      44.2415035367012
   ],
   "stereotype_acc": [
      0.5,
      0.5,
      0.5,
      0.5,
      0.53173828125,
      0.5,
      0.53564453125,
      0.5,
      0.5,
      0.53564453125,
      0.53564453125,
      0.50390625,
      0.5302734375,
      0.53271484375,
      0.5419921875,
      0.5224609375,
      0.51708984375,
      0.53759765625,
      0.54150390625,
      0.5400390625,
      0.54296875,
      0.54296875
   ],
   "test_acc": [
      0.5798233695652174,
      0.5906929347826086
   ],
   "conf": [
      0.01093697949545458,
      0.08834599843248725,
      0.029996771161677316,
      0.031795607443200424,
      0.006792492597014643,
      0.031859965150943026,
      0.011159006273373961,
      0.03693307738285512,
      0.0386112998239696,
      0.010269150559906848,
      0.02626110051642172,
      0.01706264885433484,
      0.012773553899023682,
      0.01587054831907153,
      0.02157465080381371,
      0.026351590669946745,
      0.01422785926843062,
      0.015903654682915658,
      0.017175099143059924,
      0.014568305035936646
   ]
}